year,feature,rows,spearman_rho
2014,agriculture_mining_industry_pct,3141,-0.5086860288746753
2014,arts_hospitality_food_industry_pct,3141,0.4479388574415563
2014,construction_industry_pct,3141,0.02295126008611104
2014,drove_alone_to_work_pct,3141,-0.11653889258954735
2014,education_health_social_services_industry_pct,3141,-0.11038122987678797
2014,employed_pct,3141,0.39926779600859824
2014,finance_real_estate_industry_pct,3141,0.4095996225553304
2014,labor_force_pct,3141,0.4691657127777752
2014,management_business_science_arts_occupation_pct,3141,0.45287423783825526
2014,manufacturing_industry_pct,3141,-0.1451612559260244
2014,log1p__mean_cash_public_assistance_income_2024_usd,3083,0.3094827977820145
2014,mean_commute_time_minutes,3141,0.16182979824954646
2014,log1p__mean_household_earnings_2024_usd,3141,0.598660661898
2014,log1p__mean_retirement_income_2024_usd,3140,0.6174065067440752
2014,log1p__mean_social_security_income_2024_usd,3141,0.5443363332629495
2014,log1p__mean_supplemental_security_income_2024_usd,3129,0.32125616672007606
2014,log1p__median_household_income_2024_usd,3141,0.6575652039688236
2014,natural_resources_construction_maintenance_occupation_pct,3141,-0.3875798402262336
2014,production_transportation_material_moving_occupation_pct,3141,-0.4153722632499955
2014,professional_services_industry_pct,3141,0.6336897172783794
2014,public_transit_to_work_pct,3141,0.3994730034333033
2014,sales_office_occupation_pct,3141,0.33744211505311844
2014,service_occupation_pct,3141,-0.03531981509702647
2014,walked_to_work_pct,3141,0.02493028117820877
2014,with_health_insurance_pct,3141,0.2754136490126568
2014,without_health_insurance_pct,3141,-0.275413678944199
2014,worked_from_home_pct,3141,0.24397441599053205
2014,log1p__period_sum__disaster_count,3141,0.10694371615654272
2014,log1p__period_sum__storm_event_count,3141,0.03349029128243941
2014,log1p__period_sum__storm_damage_2024_usd,3141,0.06808110403481847
2014,log1p__period_sum__storm_injuries,3141,0.12501087829605792
2014,log1p__period_sum__storm_deaths,3141,0.1868058999760042
2014,average_owner_household_size,3141,0.19828520487474594
2014,average_renter_household_size,3141,-0.0040388159216292
2014,built_1939_or_earlier_pct,3141,-0.1779372078078735
2014,detached_single_unit_pct,3141,-0.16625128978455447
2014,homeowner_vacancy_rate_pct,3141,0.053805793108227924
2014,log1p__housing_units,3141,0.5611379045491912
2014,large_multifamily_20_plus_units_pct,3141,0.47397799738805535
2014,median_rooms_per_unit,3141,0.13671714918551514
2014,mobile_home_pct,3141,-0.42892165512252534
2014,owner_occupied_pct,3141,-0.13318892592695564
2014,rental_vacancy_rate_pct,3141,-0.041769765138926135
2014,vacant_housing_units_pct,3141,-0.3286252074737963
2014,average_family_size,3141,0.06376659349267334
2014,average_household_size,3141,0.11778165069694788
2014,bachelors_degree_or_higher_pct,3141,0.6814709158836278
2014,civilian_veterans_pct,3141,0.09624723613188291
2014,high_school_graduate_or_higher_pct,3141,0.49625839547963635
2014,households_with_children_pct,3141,0.07796677245395439
2014,households_with_elderly_pct,3141,-0.37250824014492373
2014,limited_english_proficiency_pct,3141,0.28097933943023073
2014,moved_different_county_pct,3141,0.12599023272080123
2014,moved_different_state_pct,3141,0.29687916711079065
2014,moved_from_abroad_pct,3141,0.3823130149578483
2014,with_disability_pct,3141,-0.5380657955217852
2014,log1p__women_with_birth_past_12_months_count,3116,0.5084439215224732
2019,agriculture_mining_industry_pct,3140,-0.45018532237654896
2019,arts_hospitality_food_industry_pct,3140,0.40267598132303306
2019,construction_industry_pct,3140,0.08261414208934066
2019,drove_alone_to_work_pct,3140,-0.2261591890428149
2019,education_health_social_services_industry_pct,3140,-0.11276863637686665
2019,employed_pct,3140,0.4586157219184003
2019,finance_real_estate_industry_pct,3140,0.41721338908476335
2019,labor_force_pct,3140,0.48045532539359637
2019,management_business_science_arts_occupation_pct,3140,0.502365307503571
2019,manufacturing_industry_pct,3140,-0.20829564169290488
2019,log1p__mean_cash_public_assistance_income_2024_usd,2954,0.22119903514746647
2019,mean_commute_time_minutes,3140,0.14246998747251063
2019,log1p__mean_household_earnings_2024_usd,3140,0.6908304679837199
2019,log1p__mean_retirement_income_2024_usd,3139,0.6121708363059483
2019,log1p__mean_social_security_income_2024_usd,3140,0.5680467831972777
2019,log1p__mean_supplemental_security_income_2024_usd,3102,0.26732702198309377
2019,log1p__median_household_income_2024_usd,3140,0.7214583060552612
2019,natural_resources_construction_maintenance_occupation_pct,3140,-0.3263021505513843
2019,production_transportation_material_moving_occupation_pct,3140,-0.45085562109286736
2019,professional_services_industry_pct,3140,0.6238662003839837
2019,public_transit_to_work_pct,3140,0.3966181612750706
2019,sales_office_occupation_pct,3140,0.2428727456789597
2019,service_occupation_pct,3140,-0.06450997654011235
2019,walked_to_work_pct,3140,0.05391032852654192
2019,with_health_insurance_pct,3140,0.24034600274268336
2019,without_health_insurance_pct,3140,-0.24034600274268336
2019,worked_from_home_pct,3140,0.3487957322993851
2019,log1p__period_sum__disaster_count,3140,-0.03290771371066509
2019,log1p__period_sum__storm_event_count,3140,0.1281597049324622
2019,log1p__period_sum__storm_damage_2024_usd,3140,0.0411972843846296
2019,log1p__period_sum__storm_injuries,3140,0.15366163547232736
2019,log1p__period_sum__storm_deaths,3140,0.16727409786020578
2019,average_owner_household_size,3140,0.22904874832220298
2019,average_renter_household_size,3140,0.011195816412397227
2019,built_1939_or_earlier_pct,3140,-0.17303047075415443
2019,detached_single_unit_pct,3140,-0.1438490909000171
2019,homeowner_vacancy_rate_pct,3140,-0.09379525982429553
2019,log1p__housing_units,3140,0.5378618601034219
2019,large_multifamily_20_plus_units_pct,3140,0.47857603110406666
2019,median_rooms_per_unit,3140,0.13833432208428775
2019,mobile_home_pct,3140,-0.4202938189242201
2019,owner_occupied_pct,3140,-0.08521872864684663
2019,rental_vacancy_rate_pct,3140,-0.12649246888962448
2019,vacant_housing_units_pct,3140,-0.38830639656084265
2019,average_family_size,3140,0.05555632639794627
2019,average_household_size,3140,0.1473436162663501
2019,bachelors_degree_or_higher_pct,3140,0.7045252739853376
2019,civilian_veterans_pct,3140,0.10666438103785736
2019,high_school_graduate_or_higher_pct,3140,0.49261258450635065
2019,households_with_children_pct,3140,0.050574572703477795
2019,households_with_elderly_pct,3140,-0.287790184184221
2019,limited_english_proficiency_pct,3140,0.2845433074772334
2019,moved_different_county_pct,3140,0.25121250403804096
2019,moved_different_state_pct,3140,0.36905216517790673
2019,moved_from_abroad_pct,3140,0.3897850758282632
2019,with_disability_pct,3140,-0.5149176226125778
2019,log1p__women_with_birth_past_12_months_count,3140,0.49862793880549405
2024,agriculture_mining_industry_pct,3139,-0.4450633688757344
2024,arts_hospitality_food_industry_pct,3139,0.3537539030347388
2024,construction_industry_pct,3139,0.11297028051806406
2024,drove_alone_to_work_pct,3139,-0.506289309716928
2024,education_health_social_services_industry_pct,3139,-0.12952456265972268
2024,employed_pct,3139,0.439078381403774
2024,finance_real_estate_industry_pct,3139,0.39944829742247784
2024,labor_force_pct,3139,0.47309242100571824
2024,management_business_science_arts_occupation_pct,3139,0.5252736894917631
2024,manufacturing_industry_pct,3139,-0.21495654084009838
2024,log1p__mean_cash_public_assistance_income_2024_usd,2968,0.30696826195881544
2024,mean_commute_time_minutes,3139,0.1250490293930694
2024,log1p__mean_household_earnings_2024_usd,3139,0.7183861469972337
2024,log1p__mean_retirement_income_2024_usd,3139,0.6327099281984928
2024,log1p__mean_social_security_income_2024_usd,3139,0.5908932007890304
2024,log1p__mean_supplemental_security_income_2024_usd,3094,0.1444271645412925
2024,log1p__median_household_income_2024_usd,3138,0.7451843681493747
2024,natural_resources_construction_maintenance_occupation_pct,3139,-0.338606904430614
2024,production_transportation_material_moving_occupation_pct,3139,-0.45674268750063995
2024,professional_services_industry_pct,3139,0.6229690690300627
2024,public_transit_to_work_pct,3139,0.35230419012397773
2024,sales_office_occupation_pct,3139,0.11690826027073156
2024,service_occupation_pct,3139,-0.10316794106835128
2024,walked_to_work_pct,3139,0.03343393742949128
2024,with_health_insurance_pct,3139,0.18398750043478912
2024,without_health_insurance_pct,3139,-0.18398750043478912
2024,worked_from_home_pct,3139,0.6370570105304956
2024,log1p__period_sum__disaster_count,3130,0.0350115173103479
2024,log1p__period_sum__storm_event_count,3130,0.08837555610046678
2024,log1p__period_sum__storm_damage_2024_usd,3130,0.12976188311221856
2024,log1p__period_sum__storm_injuries,3130,0.14976966935495117
2024,log1p__period_sum__storm_deaths,3130,0.2098552500097177
2024,average_owner_household_size,3139,0.2281486805338057
2024,average_renter_household_size,3139,-0.035144798346132836
2024,built_1939_or_earlier_pct,3139,-0.20304042560378502
2024,detached_single_unit_pct,3139,-0.14265347493820255
2024,homeowner_vacancy_rate_pct,3139,-0.08327055087557407
2024,log1p__housing_units,3139,0.5521282017332128
2024,large_multifamily_20_plus_units_pct,3139,0.4702663441838606
2024,median_rooms_per_unit,3139,0.050601519141440676
2024,mobile_home_pct,3139,-0.4042145976611904
2024,owner_occupied_pct,3139,-0.06577531241736895
2024,rental_vacancy_rate_pct,3139,-0.03850489288623511
2024,vacant_housing_units_pct,3139,-0.4109084316149665
2024,average_family_size,3139,-0.002429751452889985
2024,average_household_size,3139,0.12470864301812248
2024,bachelors_degree_or_higher_pct,3139,0.690108631585398
2024,civilian_veterans_pct,3139,0.09028198202544586
2024,high_school_graduate_or_higher_pct,3139,0.4346668929415981
2024,households_with_children_pct,3139,0.04524024654719706
2024,households_with_elderly_pct,3139,-0.23824983555670193
2024,limited_english_proficiency_pct,3139,0.33521355920311513
2024,moved_different_county_pct,3139,0.26714733133305724
2024,moved_different_state_pct,3139,0.34308192076267735
2024,moved_from_abroad_pct,3139,0.3239738689168132
2024,with_disability_pct,3139,-0.5094060583976054
2024,log1p__women_with_birth_past_12_months_count,3139,0.5125594670967489
