year,feature,coefficient
2014,numeric__agriculture_mining_industry_pct,-0.08333378276739599
2014,numeric__arts_hospitality_food_industry_pct,0.029443539125732544
2014,numeric__construction_industry_pct,0.013201411215897066
2014,numeric__drove_alone_to_work_pct,-0.04286390504300039
2014,numeric__education_health_social_services_industry_pct,-0.0340024061508336
2014,numeric__employed_pct,-0.0
2014,numeric__finance_real_estate_industry_pct,-0.019286379680472355
2014,numeric__labor_force_pct,-0.001912298408985288
2014,numeric__management_business_science_arts_occupation_pct,-0.0023971198571095353
2014,numeric__manufacturing_industry_pct,0.0
2014,numeric__log1p__mean_cash_public_assistance_income_2024_usd,0.012384864282682003
2014,numeric__mean_commute_time_minutes,0.03685648394153581
2014,numeric__log1p__mean_household_earnings_2024_usd,0.0
2014,numeric__log1p__mean_retirement_income_2024_usd,0.03975078755773668
2014,numeric__log1p__mean_social_security_income_2024_usd,0.030772564003538342
2014,numeric__log1p__mean_supplemental_security_income_2024_usd,0.0046642773987839664
2014,numeric__log1p__median_household_income_2024_usd,0.14969627699068244
2014,numeric__natural_resources_construction_maintenance_occupation_pct,0.04275562293624094
2014,numeric__production_transportation_material_moving_occupation_pct,-0.0
2014,numeric__professional_services_industry_pct,0.0026227927994632466
2014,numeric__public_transit_to_work_pct,0.0203659738997938
2014,numeric__sales_office_occupation_pct,0.005970059818352881
2014,numeric__service_occupation_pct,0.015794482896981526
2014,numeric__walked_to_work_pct,0.0
2014,numeric__with_health_insurance_pct,0.03939482028715544
2014,numeric__without_health_insurance_pct,-0.006719146198736589
2014,numeric__worked_from_home_pct,0.022185916543154355
2014,numeric__log1p__period_sum__disaster_count,0.029543878230407505
2014,numeric__log1p__period_sum__storm_event_count,-0.05284335772907143
2014,numeric__log1p__period_sum__storm_damage_2024_usd,-0.012419455579223573
2014,numeric__log1p__period_sum__storm_injuries,-0.005762277210273313
2014,numeric__log1p__period_sum__storm_deaths,0.0
2014,numeric__average_owner_household_size,0.06403506855658918
2014,numeric__average_renter_household_size,0.024511683241009684
2014,numeric__built_1939_or_earlier_pct,-0.05739006433531227
2014,numeric__detached_single_unit_pct,-0.0
2014,numeric__homeowner_vacancy_rate_pct,0.008449925228767764
2014,numeric__log1p__housing_units,0.05480089152363653
2014,numeric__large_multifamily_20_plus_units_pct,-0.0067357823758596915
2014,numeric__median_rooms_per_unit,0.0
2014,numeric__mobile_home_pct,-0.0075737320546305845
2014,numeric__owner_occupied_pct,-0.06944706832801013
2014,numeric__rental_vacancy_rate_pct,-0.003888529229305092
2014,numeric__vacant_housing_units_pct,0.0
2014,numeric__average_family_size,-0.055915299740558755
2014,numeric__average_household_size,0.0
2014,numeric__bachelors_degree_or_higher_pct,0.1261591944251674
2014,numeric__civilian_veterans_pct,0.004624111009468561
2014,numeric__high_school_graduate_or_higher_pct,0.0
2014,numeric__households_with_children_pct,-0.04545573008828413
2014,numeric__households_with_elderly_pct,0.011803933386848599
2014,numeric__limited_english_proficiency_pct,0.009465977631309764
2014,numeric__moved_different_county_pct,-0.03426227343559967
2014,numeric__moved_different_state_pct,0.0144619908922229
2014,numeric__moved_from_abroad_pct,-0.028018008820629766
2014,numeric__with_disability_pct,-0.017079311530295144
2014,numeric__log1p__women_with_birth_past_12_months_count,0.0
2014,numeric__missingindicator_log1p__mean_cash_public_assistance_income_2024_usd,-0.0008572281712661697
2014,numeric__missingindicator_log1p__mean_retirement_income_2024_usd,-0.012630960097768222
2014,numeric__missingindicator_log1p__mean_supplemental_security_income_2024_usd,0.0
2014,numeric__missingindicator_log1p__women_with_birth_past_12_months_count,-0.006758194289606385
2019,numeric__agriculture_mining_industry_pct,-0.025737381904063526
2019,numeric__arts_hospitality_food_industry_pct,0.04992962823820913
2019,numeric__construction_industry_pct,0.03961107256685911
2019,numeric__drove_alone_to_work_pct,-0.0383491744801212
2019,numeric__education_health_social_services_industry_pct,-0.011110205833154302
2019,numeric__employed_pct,0.03142164253425774
2019,numeric__finance_real_estate_industry_pct,-0.01755390695643272
2019,numeric__labor_force_pct,-0.022529724580785435
2019,numeric__management_business_science_arts_occupation_pct,-0.021896939674802104
2019,numeric__manufacturing_industry_pct,0.006713227592783109
2019,numeric__log1p__mean_cash_public_assistance_income_2024_usd,0.011421532089889132
2019,numeric__mean_commute_time_minutes,0.022961532248870393
2019,numeric__log1p__mean_household_earnings_2024_usd,0.050758741936280945
2019,numeric__log1p__mean_retirement_income_2024_usd,0.03294290956566713
2019,numeric__log1p__mean_social_security_income_2024_usd,0.00939816541926861
2019,numeric__log1p__mean_supplemental_security_income_2024_usd,0.004659151379420618
2019,numeric__log1p__median_household_income_2024_usd,0.16828276552557203
2019,numeric__natural_resources_construction_maintenance_occupation_pct,0.021913794236232947
2019,numeric__production_transportation_material_moving_occupation_pct,0.0
2019,numeric__professional_services_industry_pct,0.015797687543791416
2019,numeric__public_transit_to_work_pct,0.019829374697060673
2019,numeric__sales_office_occupation_pct,-0.0
2019,numeric__service_occupation_pct,0.00807961099824569
2019,numeric__walked_to_work_pct,-0.0
2019,numeric__with_health_insurance_pct,0.05067111406980265
2019,numeric__without_health_insurance_pct,-0.005545177210236578
2019,numeric__worked_from_home_pct,0.03030846928006088
2019,numeric__log1p__period_sum__disaster_count,0.022534056584220405
2019,numeric__log1p__period_sum__storm_event_count,-0.03539057963029027
2019,numeric__log1p__period_sum__storm_damage_2024_usd,-0.01719064091288564
2019,numeric__log1p__period_sum__storm_injuries,-0.0008129597839466006
2019,numeric__log1p__period_sum__storm_deaths,-0.00029767161281479284
2019,numeric__average_owner_household_size,0.05601441648014365
2019,numeric__average_renter_household_size,0.016711560060120447
2019,numeric__built_1939_or_earlier_pct,-0.07482265912132698
2019,numeric__detached_single_unit_pct,-0.0
2019,numeric__homeowner_vacancy_rate_pct,-0.0
2019,numeric__log1p__housing_units,0.04978679461020069
2019,numeric__large_multifamily_20_plus_units_pct,0.0
2019,numeric__median_rooms_per_unit,0.0
2019,numeric__mobile_home_pct,-0.008883260352514473
2019,numeric__owner_occupied_pct,-0.06852348721526398
2019,numeric__rental_vacancy_rate_pct,-0.0031300807686143258
2019,numeric__vacant_housing_units_pct,-0.017854983126196395
2019,numeric__average_family_size,-0.048428501929944884
2019,numeric__average_household_size,0.0
2019,numeric__bachelors_degree_or_higher_pct,0.09633277307155369
2019,numeric__civilian_veterans_pct,0.0
2019,numeric__high_school_graduate_or_higher_pct,0.007177827483190856
2019,numeric__households_with_children_pct,-0.03313845913298712
2019,numeric__households_with_elderly_pct,0.06226553153904858
2019,numeric__limited_english_proficiency_pct,0.012367397014658802
2019,numeric__moved_different_county_pct,-0.0024216845279373114
2019,numeric__moved_different_state_pct,0.011977264087576635
2019,numeric__moved_from_abroad_pct,-0.01811878253696064
2019,numeric__with_disability_pct,-0.022332070532433083
2019,numeric__log1p__women_with_birth_past_12_months_count,-0.0
2019,numeric__missingindicator_log1p__mean_cash_public_assistance_income_2024_usd,-0.010295724565895868
2019,numeric__missingindicator_log1p__mean_retirement_income_2024_usd,-0.018305258850426366
2019,numeric__missingindicator_log1p__mean_supplemental_security_income_2024_usd,-0.004884880485312973
2024,numeric__agriculture_mining_industry_pct,-0.00974552376516785
2024,numeric__arts_hospitality_food_industry_pct,0.058405981621527714
2024,numeric__construction_industry_pct,0.05644061361771402
2024,numeric__drove_alone_to_work_pct,-0.03241004883321507
2024,numeric__education_health_social_services_industry_pct,-0.028918969340145737
2024,numeric__employed_pct,0.04599698953413193
2024,numeric__finance_real_estate_industry_pct,-0.01947409002197581
2024,numeric__labor_force_pct,-0.02893409633897167
2024,numeric__management_business_science_arts_occupation_pct,-0.0
2024,numeric__manufacturing_industry_pct,0.0013238447133795466
2024,numeric__log1p__mean_cash_public_assistance_income_2024_usd,0.0168486949814841
2024,numeric__mean_commute_time_minutes,0.01594581230725023
2024,numeric__log1p__mean_household_earnings_2024_usd,0.042601412090285985
2024,numeric__log1p__mean_retirement_income_2024_usd,0.02494341059629341
2024,numeric__log1p__mean_social_security_income_2024_usd,0.025535812676288384
2024,numeric__log1p__mean_supplemental_security_income_2024_usd,-0.0
2024,numeric__log1p__median_household_income_2024_usd,0.1657220171781113
2024,numeric__natural_resources_construction_maintenance_occupation_pct,0.010712324366472528
2024,numeric__production_transportation_material_moving_occupation_pct,-0.0
2024,numeric__professional_services_industry_pct,0.011090042135552659
2024,numeric__public_transit_to_work_pct,0.019208929718380008
2024,numeric__sales_office_occupation_pct,0.0
2024,numeric__service_occupation_pct,0.009539826151904993
2024,numeric__walked_to_work_pct,-0.008713857828065967
2024,numeric__with_health_insurance_pct,0.035201196311748145
2024,numeric__without_health_insurance_pct,-0.00437504915643569
2024,numeric__worked_from_home_pct,0.028123805403395385
2024,numeric__log1p__period_sum__disaster_count,0.031780648623003754
2024,numeric__log1p__period_sum__storm_event_count,-0.03917539989003858
2024,numeric__log1p__period_sum__storm_damage_2024_usd,-0.0034798479333103794
2024,numeric__log1p__period_sum__storm_injuries,0.0
2024,numeric__log1p__period_sum__storm_deaths,0.008160333315667182
2024,numeric__average_owner_household_size,0.07187642814889722
2024,numeric__average_renter_household_size,0.004484669368822115
2024,numeric__built_1939_or_earlier_pct,-0.07498329676647472
2024,numeric__detached_single_unit_pct,-0.0
2024,numeric__homeowner_vacancy_rate_pct,-0.010851001121789047
2024,numeric__log1p__housing_units,0.025287967749302302
2024,numeric__large_multifamily_20_plus_units_pct,-0.0
2024,numeric__median_rooms_per_unit,-0.00997411809299386
2024,numeric__mobile_home_pct,-0.021863439334011355
2024,numeric__owner_occupied_pct,-0.06937295083381285
2024,numeric__rental_vacancy_rate_pct,-0.01181115444125343
2024,numeric__vacant_housing_units_pct,-0.021557155550479327
2024,numeric__average_family_size,-0.05542365537822273
2024,numeric__average_household_size,0.01289862385204878
2024,numeric__bachelors_degree_or_higher_pct,0.07449048064306805
2024,numeric__civilian_veterans_pct,0.011838187078437173
2024,numeric__high_school_graduate_or_higher_pct,0.005841052496195998
2024,numeric__households_with_children_pct,-0.03509605422794187
2024,numeric__households_with_elderly_pct,0.06407687783042858
2024,numeric__limited_english_proficiency_pct,0.012338903445027699
2024,numeric__moved_different_county_pct,0.0
2024,numeric__moved_different_state_pct,0.020804252907087466
2024,numeric__moved_from_abroad_pct,-0.023697918610787357
2024,numeric__with_disability_pct,-0.03313832527823079
2024,numeric__log1p__women_with_birth_past_12_months_count,0.008581600894883178
2024,numeric__missingindicator_log1p__mean_cash_public_assistance_income_2024_usd,-0.017174303757793042
2024,numeric__missingindicator_log1p__mean_supplemental_security_income_2024_usd,-0.003403877198797082
2024,numeric__missingindicator_log1p__median_household_income_2024_usd,0.010118023421900478
2024,numeric__missingindicator_log1p__period_sum__disaster_count,-0.0016426774387391348
2024,numeric__missingindicator_log1p__period_sum__storm_event_count,-0.00029171170526594867
2024,numeric__missingindicator_log1p__period_sum__storm_damage_2024_usd,-2.2227507380887317e-05
2024,numeric__missingindicator_log1p__period_sum__storm_injuries,-1.0596468792962423e-06
2024,numeric__missingindicator_log1p__period_sum__storm_deaths,-3.6859908560071325e-08
