dimension,value,rows,rmsle,mae_2024_usd,median_ape,r2
state,AK,30,0.26658749707661256,56092.03232165505,0.13936358431983442,0.42877717440569785
state,AL,67,0.13360525695909398,15318.299466139424,0.07363574434619838,0.8483790570194387
state,AR,75,0.15729497769365497,16585.11073578926,0.09285556268860522,0.7810022704947944
state,AZ,15,0.26244757431624377,53138.8823308689,0.2072886366083077,0.7011207193399065
state,CA,58,0.3724324705351848,166061.8412830367,0.2731868409407755,0.5000443010288167
state,CO,64,0.3161035697887199,103772.24846902919,0.23709751207722793,0.7009139449907502
state,CT,9,0.13912183197015354,43141.10130184646,0.14421784879120786,0.7754046550924742
state,DC,1,0.17662511759001376,142395.90264809423,0.19318396777654895,
state,DE,3,0.10093043517021184,32033.271038740193,0.0806086552972906,-0.4716156546405075
state,FL,67,0.1491806456352812,32093.211099679484,0.09238377899384476,0.8592912587533311
state,GA,159,0.17101972256038137,24042.3221107301,0.11875189980355161,0.9064372161331886
state,HI,4,0.24720654759394817,166088.02757978183,0.18862287846344716,-0.30962614427906465
state,IA,99,0.11635889577723349,15496.614934603194,0.0765405187872682,0.8183128995138722
state,ID,44,0.4664440721282769,123474.97345628474,0.356800792839451,-0.2311055657656187
state,IL,102,0.26466114100893484,40756.78728338459,0.22913768592851275,0.3593870282526038
state,IN,92,0.12606549568189226,18034.67800131239,0.08752894187852767,0.8147877500321989
state,KS,105,0.19200791567002054,20795.45998955402,0.14633673882640585,0.7938649763303078
state,KY,120,0.15917747392012913,19839.877506262914,0.11047932470808566,0.82987196003507
state,LA,64,0.11155966194819965,13670.267330745717,0.07252816984013749,0.9163868178721752
state,MA,14,0.3391740043474606,161392.25880246825,0.1481390088619554,0.21906039144117495
state,MD,24,0.16080771531074847,42580.15043185517,0.07855780502058876,0.7684449848306654
state,ME,16,0.1391797336329812,29854.347442186667,0.10854657560010353,0.8099188300014605
state,MI,83,0.14816659918826341,21046.120220014738,0.0835163165052162,0.8182057229790879
state,MN,87,0.1527800509896322,28147.8691482276,0.11077236282436648,0.7865475733385211
state,MO,115,0.1539640347282481,19844.82850393425,0.09751000337830569,0.7565077706017032
state,MS,82,0.1626815605958872,15959.50182396959,0.09312794927392153,0.7993905514157479
state,MT,56,0.36437084214187754,76621.04829437529,0.2594305058369405,0.37214775652648313
state,NC,100,0.14453974480702247,25778.54725824463,0.10075106865388381,0.8801096236171151
state,ND,53,0.18041759391186876,25169.20268457643,0.1183898719162774,0.730133482323989
state,NE,93,0.2058155797807901,26264.151377496957,0.14095525120513355,0.597216757554967
state,NH,10,0.09234418582524463,30159.62759053322,0.0839964113160992,0.8381307863464293
state,NJ,21,0.11685766289001902,35933.434242429386,0.05894426039043881,0.8576909257930807
state,NM,33,0.2672443689328755,33181.19311838185,0.12703135560088713,0.8102052125012009
state,NV,17,0.2801861682213805,65829.53808816354,0.19303730842180575,0.7123766691245617
state,NY,62,0.2552985476232738,57307.30157525856,0.20593472273119678,0.8176573072021329
state,OH,88,0.12801124809297473,20781.411404282695,0.08803965935383695,0.7347064206175081
state,OK,77,0.12538944153922438,14943.753745806573,0.07940400059890362,0.7828472975303395
state,OR,36,0.3696303899995759,112684.83229220765,0.30572586806849156,0.020758247501689198
state,PA,67,0.1342751751972629,22490.73419926789,0.09054177778347633,0.8628377749718568
state,RI,5,0.13668569547566453,45863.14714307637,0.08616383402125527,0.6997456465160734
state,SC,46,0.12923342977213284,19746.463087361306,0.0989655787913923,0.9318682580839768
state,SD,66,0.22506918748351365,29460.008425575783,0.15961209667326703,0.7449552915197539
state,TN,95,0.24150164356935364,42540.22364488532,0.18612682911865988,0.6234116473908233
state,TX,250,0.20081221099929053,25117.568043744453,0.11401008773986096,0.8622483737944465
state,UT,29,0.42315353270073397,136627.81791541708,0.3207714171346471,0.26494311368158874
state,VA,133,0.16837557235881187,37405.01679164147,0.09998137169315091,0.8924196475311861
state,VT,14,0.09473560243205893,23678.664697948174,0.07250342429479739,0.8054466730330687
state,WA,39,0.3490053560353258,118337.1369407832,0.29158394776894775,0.12033111232312776
state,WI,72,0.15304498351788737,27750.392338132253,0.12242172989815915,0.6751346982972734
state,WV,55,0.18587495243952165,21566.539495959532,0.1338382209646687,0.7068216965417198
state,WY,23,0.323086205154589,96818.4089530681,0.19081187048320034,0.5289421217852631
msa_type,Metro,1158,0.19024926060729913,43847.30923196247,0.110177981443529,0.7999150470730767
msa_type,Micro,639,0.20086660547990234,36969.43733988223,0.12081912634517147,0.7593587904232595
msa_type,Nonmetro,1333,0.2285898844556619,31490.940625909545,0.1406230691754075,0.6828509160417296
msa_type,Unknown,9,0.13912183197015354,43141.10130184646,0.14421784879120786,0.7754046550924742
value_decile,0,315,0.2394354011075728,19464.19659036162,0.1794271140533635,-3.0003206433671004
value_decile,1,314,0.1670967409201332,16434.73086163926,0.10696190686528063,-14.691580646312042
value_decile,2,313,0.16064747530790954,17299.871580957522,0.09757845787984563,-10.11656920626989
value_decile,3,315,0.1673347106805629,20271.779207602427,0.1039396332192102,-42.04166004655911
value_decile,4,313,0.1720958277445042,22831.996178909052,0.10677169307989806,-27.7848462730343
value_decile,5,313,0.19372342511244145,28415.839475011293,0.11657426427867686,-16.58710564680958
value_decile,6,315,0.19319284631953218,30677.77819887409,0.11383375327808147,-18.731801436091324
value_decile,7,313,0.21603325981133056,40262.15019255399,0.11539405391342185,-8.486493658861326
value_decile,8,314,0.24234396776021833,55413.43144240451,0.1373562088179473,-6.200587925881322
value_decile,9,314,0.29849191249622137,120911.48875666047,0.1869659500122524,0.3217121405696233
