fold,county_fips
1,01011
1,01021
1,01031
1,01041
1,01045
1,01059
1,01069
1,01079
1,01089
1,01099
1,01101
1,01111
1,01121
1,01131
1,02050
1,02090
1,02130
1,02230
1,02290
1,04005
1,04007
1,04012
1,04021
1,05003
1,05013
1,05025
1,05031
1,05041
1,05051
1,05061
1,05083
1,05093
1,05103
1,05113
1,05121
1,05131
1,05141
1,06001
1,06011
1,06031
1,06041
1,06051
1,06061
1,06069
1,06079
1,06089
1,06099
1,06109
1,08003
1,08013
1,08021
1,08031
1,08041
1,08051
1,08061
1,08071
1,08081
1,08091
1,08101
1,08107
1,08117
1,09001
1,09011
1,12005
1,12015
1,12023
1,12027
1,12037
1,12047
1,12059
1,12069
1,12079
1,12087
1,12099
1,12105
1,12115
1,12125
1,13001
1,13015
1,13019
1,13029
1,13039
1,13051
1,13069
1,13079
1,13087
1,13089
1,13099
1,13109
1,13121
1,13131
1,13141
1,13151
1,13163
1,13169
1,13179
1,13189
1,13199
1,13225
1,13235
1,13245
1,13255
1,13259
1,13273
1,13283
1,13293
1,13303
1,13313
1,13315
1,15003
1,16005
1,16015
1,16025
1,16033
1,16043
1,16063
1,16073
1,16083
1,17005
1,17015
1,17025
1,17035
1,17043
1,17053
1,17073
1,17083
1,17089
1,17095
1,17105
1,17115
1,17125
1,17143
1,17153
1,17161
1,17163
1,17173
1,17183
1,17197
1,18003
1,18013
1,18023
1,18031
1,18041
1,18051
1,18061
1,18071
1,18079
1,18093
1,18103
1,18113
1,18123
1,18127
1,18141
1,18151
1,18161
1,18171
1,18179
1,19005
1,19015
1,19025
1,19035
1,19043
1,19053
1,19063
1,19073
1,19083
1,19091
1,19105
1,19115
1,19125
1,19135
1,19139
1,19153
1,19163
1,19173
1,19183
1,19197
1,20009
1,20019
1,20029
1,20047
1,20057
1,20065
1,20067
1,20077
1,20087
1,20099
1,20109
1,20119
1,20129
1,20141
1,20147
1,20157
1,20167
1,20177
1,20185
1,20191
1,20197
1,20207
1,21007
1,21017
1,21029
1,21035
1,21045
1,21055
1,21065
1,21075
1,21085
1,21095
1,21105
1,21115
1,21135
1,21145
1,21155
1,21165
1,21181
1,21191
1,21201
1,21211
1,21221
1,21229
1,21239
1,22019
1,22029
1,22035
1,22041
1,22051
1,22061
1,22071
1,22089
1,22099
1,22107
1,22109
1,22119
1,23003
1,23011
1,23021
1,23031
1,24011
1,24029
1,24039
1,24047
1,24510
1,25009
1,25019
1,26003
1,26013
1,26023
1,26033
1,26045
1,26051
1,26061
1,26071
1,26081
1,26105
1,26115
1,26125
1,26135
1,26139
1,26153
1,26163
1,27007
1,27017
1,27027
1,27029
1,27039
1,27049
1,27059
1,27069
1,27077
1,27087
1,27107
1,27117
1,27121
1,27127
1,27137
1,27147
1,27157
1,27167
1,28001
1,28011
1,28031
1,28041
1,28051
1,28061
1,28071
1,28081
1,28091
1,28101
1,28111
1,28121
1,28131
1,28141
1,28143
1,28157
1,29003
1,29013
1,29023
1,29031
1,29041
1,29051
1,29061
1,29071
1,29079
1,29093
1,29103
1,29113
1,29123
1,29127
1,29141
1,29151
1,29161
1,29171
1,29177
1,29189
1,29203
1,29213
1,29223
1,29227
1,30009
1,30019
1,30029
1,30039
1,30049
1,30059
1,30069
1,30079
1,30089
1,30093
1,30109
1,31007
1,31017
1,31027
1,31033
1,31037
1,31043
1,31053
1,31063
1,31073
1,31085
1,31091
1,31101
1,31111
1,31121
1,31143
1,31153
1,31163
1,31173
1,31181
1,32005
1,32015
1,32027
1,33001
1,33011
1,33013
1,33019
1,34009
1,34019
1,34029
1,34041
1,35005
1,35013
1,35023
1,35031
1,35041
1,35051
1,35061
1,36009
1,36019
1,36039
1,36049
1,36059
1,36069
1,36085
1,36095
1,36105
1,36115
1,37001
1,37009
1,37019
1,37039
1,37049
1,37055
1,37061
1,37071
1,37081
1,37091
1,37109
1,37119
1,37127
1,37129
1,37139
1,37155
1,37157
1,37167
1,37175
1,37177
1,37187
1,38003
1,38013
1,38033
1,38043
1,38057
1,38067
1,38077
1,38087
1,38099
1,38105
1,39009
1,39019
1,39029
1,39037
1,39045
1,39055
1,39065
1,39075
1,39085
1,39097
1,39107
1,39117
1,39127
1,39133
1,39137
1,39147
1,39167
1,40001
1,40013
1,40023
1,40033
1,40043
1,40053
1,40057
1,40073
1,40083
1,40093
1,40103
1,40111
1,40121
1,40141
1,40151
1,41003
1,41009
1,41019
1,41029
1,41039
1,41057
1,41067
1,42003
1,42005
1,42015
1,42025
1,42039
1,42049
1,42059
1,42069
1,42077
1,42087
1,42097
1,42107
1,42117
1,42125
1,44005
1,45005
1,45015
1,45025
1,45029
1,45043
1,45053
1,45063
1,45073
1,45079
1,45091
1,46011
1,46021
1,46031
1,46039
1,46049
1,46059
1,46069
1,46079
1,46087
1,46101
1,46111
1,46123
1,46137
1,47003
1,47017
1,47027
1,47037
1,47047
1,47061
1,47071
1,47081
1,47091
1,47109
1,47119
1,47127
1,47129
1,47139
1,47149
1,47161
1,47171
1,47181
1,48001
1,48013
1,48019
1,48029
1,48039
1,48049
1,48057
1,48063
1,48069
1,48079
1,48089
1,48099
1,48111
1,48117
1,48127
1,48137
1,48147
1,48169
1,48179
1,48189
1,48199
1,48207
1,48217
1,48227
1,48237
1,48247
1,48255
1,48261
1,48271
1,48281
1,48291
1,48301
1,48303
1,48311
1,48321
1,48341
1,48351
1,48357
1,48363
1,48373
1,48383
1,48393
1,48411
1,48421
1,48429
1,48431
1,48441
1,48459
1,48469
1,48479
1,48489
1,48499
1,48507
1,49009
1,49029
1,49039
1,49045
1,49051
1,50003
1,50013
1,50023
1,51013
1,51023
1,51031
1,51033
1,51043
1,51053
1,51069
1,51079
1,51089
1,51099
1,51107
1,51117
1,51131
1,51141
1,51153
1,51161
1,51175
1,51185
1,51197
1,51540
1,51570
1,51630
1,51678
1,51700
1,51740
1,51840
1,53009
1,53019
1,53029
1,53033
1,53047
1,53057
1,53067
1,53077
1,54009
1,54011
1,54021
1,54031
1,54041
1,54051
1,54059
1,54069
1,54089
1,54099
1,54105
1,54107
1,55003
1,55013
1,55023
1,55033
1,55045
1,55051
1,55061
1,55071
1,55079
1,55101
1,55111
1,55121
1,55131
1,55139
1,56007
1,56017
1,56027
1,56037
1,56045
2,01009
2,01019
2,01029
2,01039
2,01047
2,01057
2,01067
2,01077
2,01087
2,01095
2,01109
2,01119
2,01129
2,02020
2,02060
2,02122
2,02180
2,02220
2,02282
2,04011
2,04019
2,05001
2,05011
2,05029
2,05039
2,05047
2,05049
2,05059
2,05069
2,05081
2,05091
2,05101
2,05111
2,05123
2,05129
2,05139
2,05149
2,06009
2,06017
2,06023
2,06029
2,06039
2,06049
2,06059
2,06071
2,06077
2,06087
2,06097
2,06107
2,08001
2,08011
2,08019
2,08029
2,08039
2,08059
2,08069
2,08079
2,08089
2,08105
2,08115
2,08125
2,09009
2,10003
2,12003
2,12013
2,12035
2,12045
2,12051
2,12057
2,12067
2,12077
2,12086
2,12103
2,12113
2,12121
2,12123
2,12133
2,13017
2,13027
2,13037
2,13049
2,13059
2,13067
2,13077
2,13097
2,13107
2,13113
2,13119
2,13129
2,13139
2,13149
2,13167
2,13177
2,13185
2,13187
2,13197
2,13209
2,13223
2,13233
2,13243
2,13253
2,13261
2,13271
2,13281
2,13291
2,13301
2,13309
2,15001
2,16003
2,16013
2,16023
2,16027
2,16041
2,16051
2,16061
2,16071
2,17003
2,17013
2,17023
2,17033
2,17037
2,17051
2,17061
2,17071
2,17081
2,17091
2,17093
2,17103
2,17113
2,17123
2,17133
2,17141
2,17151
2,17171
2,17181
2,17187
2,17189
2,17195
2,18001
2,18011
2,18021
2,18033
2,18039
2,18049
2,18059
2,18069
2,18091
2,18101
2,18111
2,18121
2,18129
2,18139
2,18149
2,18159
2,18169
2,18175
2,18177
2,19003
2,19013
2,19023
2,19033
2,19045
2,19051
2,19061
2,19071
2,19081
2,19103
2,19113
2,19123
2,19133
2,19141
2,19151
2,19161
2,19171
2,19181
2,19189
2,19195
2,20007
2,20017
2,20027
2,20037
2,20045
2,20055
2,20075
2,20085
2,20091
2,20097
2,20107
2,20117
2,20127
2,20145
2,20155
2,20163
2,20165
2,20175
2,20189
2,20195
2,20205
2,21005
2,21015
2,21033
2,21043
2,21051
2,21053
2,21063
2,21073
2,21083
2,21093
2,21103
2,21113
2,21125
2,21129
2,21133
2,21143
2,21153
2,21163
2,21189
2,21199
2,21209
2,21219
2,21223
2,21237
2,22007
2,22017
2,22027
2,22037
2,22039
2,22049
2,22059
2,22069
2,22079
2,22087
2,22097
2,22117
2,22127
2,23001
2,23009
2,23019
2,23029
2,24009
2,24019
2,24027
2,24037
2,25007
2,25017
2,25023
2,26001
2,26011
2,26021
2,26031
2,26049
2,26059
2,26067
2,26069
2,26079
2,26089
2,26103
2,26113
2,26123
2,26133
2,26141
2,26151
2,26161
2,27005
2,27015
2,27023
2,27037
2,27047
2,27057
2,27067
2,27071
2,27085
2,27095
2,27105
2,27115
2,27135
2,27145
2,27155
2,27165
2,27169
2,28009
2,28019
2,28029
2,28039
2,28049
2,28059
2,28069
2,28079
2,28089
2,28093
2,28109
2,28119
2,28129
2,28139
2,28145
2,28149
2,28155
2,29001
2,29011
2,29021
2,29033
2,29039
2,29049
2,29059
2,29069
2,29091
2,29101
2,29111
2,29121
2,29129
2,29139
2,29149
2,29159
2,29169
2,29179
2,29187
2,29201
2,29211
2,29221
2,29229
2,30007
2,30017
2,30027
2,30037
2,30047
2,30057
2,30067
2,30077
2,30087
2,30097
2,30107
2,31005
2,31015
2,31025
2,31035
2,31041
2,31051
2,31061
2,31071
2,31089
2,31099
2,31107
2,31109
2,31119
2,31129
2,31141
2,31151
2,31161
2,31171
2,31183
2,32003
2,32013
2,32023
2,32510
2,33009
2,33017
2,34007
2,34017
2,34027
2,35003
2,35011
2,35019
2,35021
2,35029
2,35039
2,35049
2,35059
2,36007
2,36017
2,36029
2,36033
2,36037
2,36047
2,36057
2,36067
2,36093
2,36103
2,36113
2,36123
2,37003
2,37017
2,37027
2,37037
2,37047
2,37057
2,37059
2,37069
2,37079
2,37089
2,37099
2,37107
2,37117
2,37137
2,37147
2,37165
2,37185
2,37195
2,37197
2,37199
2,38011
2,38021
2,38031
2,38041
2,38055
2,38065
2,38075
2,38085
2,38103
2,39007
2,39015
2,39017
2,39027
2,39035
2,39039
2,39053
2,39063
2,39073
2,39083
2,39095
2,39105
2,39115
2,39125
2,39129
2,39135
2,39145
2,39155
2,39165
2,39175
2,40005
2,40021
2,40031
2,40041
2,40051
2,40071
2,40081
2,40091
2,40101
2,40105
2,40119
2,40129
2,40139
2,40149
2,41005
2,41007
2,41017
2,41027
2,41037
2,41047
2,41055
2,41065
2,42013
2,42023
2,42029
2,42031
2,42037
2,42047
2,42057
2,42067
2,42079
2,42085
2,42095
2,42105
2,42115
2,44003
2,45003
2,45013
2,45023
2,45031
2,45041
2,45051
2,45061
2,45071
2,45089
2,46009
2,46019
2,46029
2,46041
2,46047
2,46057
2,46067
2,46077
2,46099
2,46109
2,46121
2,46135
2,47005
2,47015
2,47025
2,47035
2,47045
2,47053
2,47059
2,47069
2,47079
2,47089
2,47099
2,47107
2,47117
2,47137
2,47147
2,47153
2,47159
2,47169
2,47179
2,47189
2,48017
2,48027
2,48035
2,48037
2,48047
2,48059
2,48067
2,48077
2,48087
2,48097
2,48115
2,48125
2,48133
2,48135
2,48145
2,48155
2,48167
2,48177
2,48187
2,48197
2,48209
2,48215
2,48225
2,48235
2,48245
2,48269
2,48279
2,48289
2,48299
2,48305
2,48319
2,48329
2,48339
2,48349
2,48359
2,48361
2,48371
2,48381
2,48391
2,48401
2,48409
2,48419
2,48439
2,48449
2,48451
2,48467
2,48477
2,48487
2,48497
2,48501
2,49007
2,49017
2,49027
2,49037
2,49047
2,49049
2,50001
2,50011
2,50021
2,51003
2,51011
2,51021
2,51041
2,51051
2,51059
2,51061
2,51067
2,51077
2,51087
2,51097
2,51109
2,51115
2,51127
2,51139
2,51149
2,51173
2,51183
2,51195
2,51530
2,51580
2,51620
2,51670
2,51690
2,51735
2,51775
2,51830
2,53007
2,53017
2,53027
2,53035
2,53045
2,53055
2,53065
2,53075
2,54005
2,54019
2,54029
2,54039
2,54049
2,54053
2,54067
2,54077
2,54087
2,54097
2,55001
2,55011
2,55021
2,55031
2,55049
2,55059
2,55067
2,55069
2,55078
2,55087
2,55099
2,55109
2,55119
2,55129
2,55141
2,56005
2,56015
2,56025
2,56035
3,01001
3,01007
3,01017
3,01027
3,01037
3,01049
3,01055
3,01065
3,01075
3,01085
3,01107
3,01117
3,01127
3,02016
3,02068
3,02110
3,02170
3,02198
3,02275
3,04003
3,04009
3,04017
3,04027
3,05009
3,05019
3,05027
3,05037
3,05057
3,05067
3,05073
3,05079
3,05089
3,05099
3,05109
3,05127
3,05137
3,05145
3,05147
3,06007
3,06021
3,06027
3,06037
3,06047
3,06057
3,06075
3,06085
3,06093
3,06095
3,06105
3,06115
3,08009
3,08017
3,08027
3,08037
3,08049
3,08053
3,08057
3,08067
3,08077
3,08087
3,08113
3,08123
3,09007
3,10001
3,10005
3,12011
3,12021
3,12033
3,12043
3,12053
3,12055
3,12065
3,12075
3,12085
3,12093
3,12101
3,12111
3,12131
3,13007
3,13009
3,13025
3,13035
3,13047
3,13057
3,13061
3,13075
3,13085
3,13095
3,13105
3,13115
3,13117
3,13127
3,13137
3,13147
3,13157
3,13165
3,13175
3,13195
3,13207
3,13213
3,13215
3,13221
3,13231
3,13241
3,13251
3,13263
3,13269
3,13279
3,13289
3,13299
3,13321
3,16001
3,16011
3,16021
3,16029
3,16039
3,16049
3,16059
3,16069
3,16079
3,17001
3,17011
3,17021
3,17031
3,17039
3,17049
3,17059
3,17069
3,17079
3,17087
3,17101
3,17111
3,17121
3,17131
3,17135
3,17149
3,17159
3,17169
3,17179
3,17193
3,17203
3,18009
3,18019
3,18037
3,18047
3,18055
3,18057
3,18067
3,18077
3,18089
3,18099
3,18109
3,18119
3,18131
3,18137
3,18147
3,18157
3,18167
3,19001
3,19011
3,19021
3,19031
3,19049
3,19059
3,19067
3,19069
3,19079
3,19089
3,19101
3,19111
3,19121
3,19131
3,19143
3,19149
3,19159
3,19169
3,19179
3,20005
3,20015
3,20025
3,20035
3,20039
3,20053
3,20063
3,20073
3,20083
3,20093
3,20095
3,20105
3,20115
3,20125
3,20135
3,20143
3,20153
3,20173
3,20183
3,20187
3,20193
3,20203
3,21003
3,21013
3,21023
3,21031
3,21041
3,21061
3,21071
3,21081
3,21091
3,21101
3,21111
3,21121
3,21131
3,21141
3,21151
3,21161
3,21171
3,21173
3,21187
3,21197
3,21207
3,21217
3,21225
3,21235
3,22005
3,22015
3,22025
3,22033
3,22047
3,22057
3,22067
3,22077
3,22081
3,22095
3,22105
3,22115
3,22125
3,23005
3,23017
3,23027
3,24005
3,24017
3,24021
3,24035
3,24045
3,25005
3,25015
3,25025
3,25027
3,26009
3,26019
3,26029
3,26039
3,26047
3,26057
3,26077
3,26087
3,26093
3,26095
3,26101
3,26111
3,26121
3,26131
3,26143
3,26149
3,26159
3,27003
3,27013
3,27035
3,27045
3,27055
3,27065
3,27073
3,27083
3,27093
3,27103
3,27113
3,27133
3,27143
3,27153
3,27163
3,27171
3,28007
3,28017
3,28027
3,28037
3,28047
3,28057
3,28067
3,28077
3,28087
3,28097
3,28107
3,28117
3,28127
3,28137
3,28147
3,28153
3,28163
3,29009
3,29019
3,29037
3,29047
3,29055
3,29057
3,29067
3,29077
3,29089
3,29099
3,29109
3,29119
3,29131
3,29137
3,29147
3,29157
3,29167
3,29186
3,29199
3,29209
3,29219
3,29510
3,30005
3,30015
3,30025
3,30035
3,30045
3,30055
3,30065
3,30075
3,30085
3,30105
3,31003
3,31013
3,31023
3,31039
3,31049
3,31059
3,31069
3,31079
3,31087
3,31097
3,31117
3,31127
3,31133
3,31139
3,31149
3,31159
3,31169
3,32001
3,32011
3,32019
3,32021
3,32033
3,33007
3,33015
3,34005
3,34015
3,34025
3,34035
3,35001
3,35009
3,35028
3,35037
3,35047
3,35057
3,36005
3,36015
3,36025
3,36035
3,36045
3,36055
3,36065
3,36075
3,36077
3,36091
3,36101
3,36111
3,36121
3,37005
3,37015
3,37025
3,37035
3,37045
3,37053
3,37067
3,37077
3,37087
3,37097
3,37101
3,37115
3,37125
3,37135
3,37145
3,37151
3,37163
3,37173
3,37183
3,37193
3,38001
3,38009
3,38019
3,38029
3,38039
3,38051
3,38053
3,38063
3,38073
3,38083
3,38093
3,38101
3,39005
3,39025
3,39041
3,39051
3,39061
3,39071
3,39081
3,39093
3,39103
3,39113
3,39123
3,39131
3,39143
3,39153
3,39163
3,39173
3,40007
3,40019
3,40029
3,40039
3,40049
3,40055
3,40059
3,40069
3,40079
3,40089
3,40099
3,40107
3,40117
3,40127
3,40137
3,40147
3,41001
3,41015
3,41025
3,41035
3,41045
3,41049
3,41063
3,42001
3,42011
3,42021
3,42035
3,42045
3,42055
3,42065
3,42083
3,42093
3,42101
3,42103
3,42113
3,42123
3,44001
3,45001
3,45011
3,45021
3,45033
3,45039
3,45049
3,45059
3,45069
3,45077
3,45087
3,46007
3,46017
3,46027
3,46045
3,46055
3,46063
3,46065
3,46075
3,46085
3,46097
3,46107
3,46119
3,46129
3,47007
3,47013
3,47023
3,47033
3,47043
3,47067
3,47077
3,47087
3,47097
3,47101
3,47115
3,47125
3,47135
3,47145
3,47155
3,47157
3,47167
3,47177
3,47187
3,48007
3,48015
3,48025
3,48045
3,48055
3,48065
3,48075
3,48085
3,48095
3,48105
3,48113
3,48123
3,48143
3,48153
3,48159
3,48165
3,48175
3,48185
3,48195
3,48213
3,48223
3,48231
3,48233
3,48243
3,48253
3,48267
3,48277
3,48287
3,48297
3,48307
3,48317
3,48327
3,48337
3,48347
3,48355
3,48369
3,48379
3,48389
3,48399
3,48403
3,48417
3,48427
3,48437
3,48447
3,48453
3,48455
3,48465
3,48475
3,48485
3,48495
3,48503
3,49005
3,49015
3,49025
3,49035
3,49043
3,49057
3,50009
3,50019
3,51001
3,51005
3,51019
3,51029
3,51037
3,51049
3,51065
3,51075
3,51085
3,51095
3,51113
3,51125
3,51135
3,51137
3,51147
3,51159
3,51171
3,51181
3,51193
3,51520
3,51590
3,51610
3,51660
3,51685
3,51730
3,51760
3,51790
3,51820
3,53005
3,53015
3,53025
3,53037
3,53043
3,53053
3,53063
3,53073
3,54017
3,54027
3,54037
3,54047
3,54055
3,54065
3,54075
3,54085
3,54095
3,54103
3,54109
3,55009
3,55019
3,55029
3,55039
3,55047
3,55057
3,55077
3,55085
3,55091
3,55097
3,55107
3,55117
3,55127
3,56003
3,56013
3,56021
3,56023
3,56033
4,01005
4,01015
4,01025
4,01035
4,01053
4,01063
4,01071
4,01073
4,01083
4,01093
4,01105
4,01115
4,01125
4,02013
4,02070
4,02105
4,02164
4,02195
4,02261
4,02270
4,04015
4,04025
4,05007
4,05017
4,05021
4,05035
4,05045
4,05055
4,05065
4,05075
4,05077
4,05087
4,05097
4,05107
4,05117
4,05125
4,05135
4,06005
4,06015
4,06019
4,06025
4,06035
4,06045
4,06055
4,06065
4,06073
4,06083
4,06103
4,06113
4,08007
4,08015
4,08025
4,08035
4,08045
4,08055
4,08065
4,08075
4,08085
4,08095
4,08097
4,08111
4,08121
4,09005
4,09015
4,11001
4,12009
4,12019
4,12031
4,12041
4,12049
4,12063
4,12073
4,12083
4,12091
4,12095
4,12109
4,12119
4,12129
4,13005
4,13011
4,13023
4,13033
4,13045
4,13055
4,13063
4,13073
4,13083
4,13093
4,13103
4,13111
4,13125
4,13135
4,13145
4,13155
4,13159
4,13173
4,13183
4,13193
4,13205
4,13219
4,13229
4,13239
4,13249
4,13267
4,13277
4,13285
4,13287
4,13297
4,13307
4,13319
4,15009
4,16009
4,16019
4,16031
4,16037
4,16047
4,16057
4,16067
4,16075
4,16081
4,16087
4,17009
4,17019
4,17029
4,17041
4,17047
4,17057
4,17067
4,17077
4,17099
4,17109
4,17119
4,17129
4,17137
4,17147
4,17157
4,17167
4,17177
4,17185
4,17191
4,17201
4,18007
4,18017
4,18027
4,18035
4,18045
4,18065
4,18075
4,18081
4,18087
4,18097
4,18107
4,18117
4,18135
4,18145
4,18153
4,18155
4,18165
4,18183
4,19009
4,19019
4,19029
4,19039
4,19047
4,19057
4,19077
4,19087
4,19093
4,19099
4,19109
4,19119
4,19129
4,19147
4,19157
4,19165
4,19167
4,19177
4,19187
4,20003
4,20013
4,20023
4,20033
4,20041
4,20051
4,20061
4,20071
4,20081
4,20089
4,20103
4,20113
4,20123
4,20133
4,20137
4,20151
4,20161
4,20171
4,20181
4,20201
4,21001
4,21011
4,21021
4,21025
4,21039
4,21049
4,21059
4,21069
4,21079
4,21089
4,21099
4,21109
4,21119
4,21123
4,21139
4,21149
4,21159
4,21169
4,21175
4,21179
4,21185
4,21195
4,21205
4,21215
4,21227
4,21233
4,22003
4,22013
4,22023
4,22045
4,22055
4,22065
4,22075
4,22083
4,22093
4,22103
4,22113
4,22123
4,23007
4,23015
4,23025
4,24003
4,24015
4,24023
4,24033
4,24043
4,25003
4,25013
4,25021
4,26007
4,26017
4,26027
4,26037
4,26041
4,26055
4,26065
4,26075
4,26085
4,26099
4,26109
4,26119
4,26129
4,26147
4,26157
4,26165
4,27001
4,27011
4,27021
4,27033
4,27043
4,27053
4,27063
4,27075
4,27081
4,27091
4,27101
4,27111
4,27119
4,27125
4,27131
4,27141
4,27151
4,27161
4,27173
4,28005
4,28015
4,28025
4,28035
4,28045
4,28055
4,28065
4,28075
4,28085
4,28105
4,28115
4,28125
4,28135
4,28151
4,28161
4,29007
4,29017
4,29027
4,29035
4,29045
4,29065
4,29075
4,29081
4,29087
4,29097
4,29107
4,29117
4,29135
4,29145
4,29153
4,29155
4,29165
4,29181
4,29185
4,29197
4,29207
4,29217
4,30003
4,30013
4,30021
4,30023
4,30033
4,30043
4,30053
4,30063
4,30073
4,30083
4,30095
4,30099
4,30103
4,31001
4,31011
4,31021
4,31047
4,31057
4,31067
4,31077
4,31081
4,31095
4,31105
4,31115
4,31125
4,31135
4,31137
4,31147
4,31157
4,31167
4,31177
4,31185
4,32009
4,32031
4,33005
4,34003
4,34013
4,34023
4,34033
4,34037
4,35007
4,35017
4,35027
4,35035
4,35045
4,35055
4,36003
4,36013
4,36023
4,36027
4,36043
4,36053
4,36063
4,36073
4,36079
4,36083
4,36089
4,36099
4,36109
4,36119
4,37007
4,37013
4,37023
4,37033
4,37043
4,37065
4,37075
4,37085
4,37095
4,37103
4,37113
4,37123
4,37133
4,37143
4,37149
4,37161
4,37171
4,37181
4,37191
4,38007
4,38017
4,38027
4,38037
4,38045
4,38049
4,38061
4,38071
4,38081
4,38091
4,38095
4,39003
4,39013
4,39023
4,39033
4,39043
4,39049
4,39059
4,39069
4,39079
4,39089
4,39091
4,39101
4,39121
4,39141
4,39151
4,39159
4,39161
4,39171
4,40009
4,40017
4,40027
4,40037
4,40047
4,40061
4,40067
4,40077
4,40087
4,40097
4,40109
4,40115
4,40125
4,40135
4,40145
4,41013
4,41023
4,41033
4,41043
4,41051
4,41061
4,41071
4,42009
4,42019
4,42027
4,42033
4,42043
4,42053
4,42063
4,42073
4,42081
4,42091
4,42111
4,42121
4,42127
4,42133
4,44009
4,45009
4,45019
4,45037
4,45047
4,45055
4,45057
4,45067
4,45081
4,45083
4,46005
4,46015
4,46025
4,46035
4,46043
4,46053
4,46073
4,46083
4,46089
4,46095
4,46105
4,46113
4,46117
4,46127
4,47011
4,47021
4,47029
4,47031
4,47041
4,47051
4,47065
4,47075
4,47085
4,47095
4,47103
4,47113
4,47123
4,47133
4,47143
4,47151
4,47165
4,47175
4,47185
4,48005
4,48009
4,48023
4,48033
4,48043
4,48053
4,48073
4,48083
4,48093
4,48103
4,48107
4,48121
4,48131
4,48141
4,48151
4,48161
4,48163
4,48173
4,48183
4,48193
4,48203
4,48211
4,48221
4,48241
4,48251
4,48257
4,48259
4,48265
4,48275
4,48285
4,48295
4,48309
4,48315
4,48325
4,48335
4,48345
4,48367
4,48377
4,48387
4,48397
4,48405
4,48415
4,48425
4,48435
4,48445
4,48463
4,48473
4,48483
4,48493
4,48505
4,49003
4,49013
4,49023
4,49033
4,49055
4,50007
4,50017
4,50027
4,51007
4,51017
4,51027
4,51036
4,51047
4,51057
4,51063
4,51073
4,51083
4,51093
4,51103
4,51111
4,51121
4,51145
4,51157
4,51163
4,51169
4,51179
4,51191
4,51510
4,51600
4,51650
4,51680
4,51683
4,51720
4,51770
4,51810
4,53003
4,53013
4,53023
4,53041
4,53051
4,53059
4,53061
4,53071
4,54003
4,54015
4,54025
4,54035
4,54045
4,54057
4,54063
4,54073
4,54083
4,54093
4,55007
4,55017
4,55027
4,55037
4,55041
4,55055
4,55065
4,55075
4,55083
4,55093
4,55095
4,55105
4,55115
4,55125
4,55135
4,56001
4,56011
4,56031
4,56041
4,56043
5,01003
5,01013
5,01023
5,01033
5,01043
5,01051
5,01061
5,01081
5,01091
5,01097
5,01103
5,01113
5,01123
5,01133
5,02100
5,02150
5,02158
5,02185
5,02188
5,02240
5,04001
5,04013
5,04023
5,05005
5,05015
5,05023
5,05033
5,05043
5,05053
5,05063
5,05071
5,05085
5,05095
5,05105
5,05115
5,05119
5,05133
5,05143
5,06003
5,06013
5,06033
5,06043
5,06053
5,06063
5,06067
5,06081
5,06091
5,06101
5,06111
5,08005
5,08014
5,08023
5,08033
5,08043
5,08047
5,08063
5,08073
5,08083
5,08093
5,08099
5,08103
5,08109
5,08119
5,09003
5,09013
5,12001
5,12007
5,12017
5,12029
5,12039
5,12061
5,12071
5,12081
5,12089
5,12097
5,12107
5,12117
5,12127
5,13003
5,13013
5,13021
5,13031
5,13043
5,13053
5,13065
5,13071
5,13081
5,13091
5,13101
5,13123
5,13133
5,13143
5,13153
5,13161
5,13171
5,13181
5,13191
5,13201
5,13211
5,13217
5,13227
5,13237
5,13247
5,13257
5,13265
5,13275
5,13295
5,13305
5,13311
5,13317
5,15007
5,16007
5,16017
5,16035
5,16045
5,16053
5,16055
5,16065
5,16077
5,16085
5,17007
5,17017
5,17027
5,17045
5,17055
5,17063
5,17065
5,17075
5,17085
5,17097
5,17107
5,17117
5,17127
5,17139
5,17145
5,17155
5,17165
5,17175
5,17199
5,18005
5,18015
5,18025
5,18029
5,18043
5,18053
5,18063
5,18073
5,18083
5,18085
5,18095
5,18105
5,18115
5,18125
5,18133
5,18143
5,18163
5,18173
5,18181
5,19007
5,19017
5,19027
5,19037
5,19041
5,19055
5,19065
5,19075
5,19085
5,19095
5,19097
5,19107
5,19117
5,19127
5,19137
5,19145
5,19155
5,19175
5,19185
5,19191
5,19193
5,20001
5,20011
5,20021
5,20031
5,20043
5,20049
5,20059
5,20069
5,20079
5,20101
5,20111
5,20121
5,20131
5,20139
5,20149
5,20159
5,20169
5,20179
5,20199
5,20209
5,21009
5,21019
5,21027
5,21037
5,21047
5,21057
5,21067
5,21077
5,21087
5,21097
5,21107
5,21117
5,21127
5,21137
5,21147
5,21157
5,21167
5,21177
5,21183
5,21193
5,21203
5,21213
5,21231
5,22001
5,22009
5,22011
5,22021
5,22031
5,22043
5,22053
5,22063
5,22073
5,22085
5,22091
5,22101
5,22111
5,22121
5,23013
5,23023
5,24001
5,24013
5,24025
5,24031
5,24041
5,25001
5,25011
5,26005
5,26015
5,26025
5,26035
5,26043
5,26053
5,26063
5,26073
5,26083
5,26091
5,26097
5,26107
5,26117
5,26127
5,26137
5,26145
5,26155
5,27009
5,27019
5,27025
5,27031
5,27041
5,27051
5,27061
5,27079
5,27089
5,27097
5,27099
5,27109
5,27123
5,27129
5,27139
5,27149
5,27159
5,28003
5,28013
5,28021
5,28023
5,28033
5,28043
5,28053
5,28063
5,28073
5,28083
5,28095
5,28099
5,28103
5,28113
5,28123
5,28133
5,28159
5,29005
5,29015
5,29025
5,29029
5,29043
5,29053
5,29063
5,29073
5,29083
5,29085
5,29095
5,29105
5,29115
5,29125
5,29133
5,29143
5,29163
5,29173
5,29175
5,29183
5,29195
5,29205
5,29215
5,29225
5,30001
5,30011
5,30031
5,30041
5,30051
5,30061
5,30071
5,30081
5,30091
5,30101
5,30111
5,31009
5,31019
5,31029
5,31031
5,31045
5,31055
5,31065
5,31075
5,31083
5,31093
5,31103
5,31113
5,31123
5,31131
5,31145
5,31155
5,31165
5,31175
5,31179
5,32007
5,32017
5,32029
5,33003
5,34001
5,34011
5,34021
5,34031
5,34039
5,35006
5,35015
5,35025
5,35033
5,35043
5,35053
5,36001
5,36011
5,36021
5,36031
5,36041
5,36051
5,36061
5,36071
5,36081
5,36087
5,36097
5,36107
5,36117
5,37011
5,37021
5,37029
5,37031
5,37041
5,37051
5,37063
5,37073
5,37083
5,37093
5,37105
5,37111
5,37121
5,37131
5,37141
5,37153
5,37159
5,37169
5,37179
5,37189
5,38005
5,38015
5,38023
5,38025
5,38035
5,38047
5,38059
5,38069
5,38079
5,38089
5,38097
5,39001
5,39011
5,39021
5,39031
5,39047
5,39057
5,39067
5,39077
5,39087
5,39099
5,39109
5,39111
5,39119
5,39139
5,39149
5,39157
5,39169
5,40003
5,40011
5,40015
5,40025
5,40035
5,40045
5,40063
5,40065
5,40075
5,40085
5,40095
5,40113
5,40123
5,40131
5,40133
5,40143
5,40153
5,41011
5,41021
5,41031
5,41041
5,41053
5,41059
5,41069
5,42007
5,42017
5,42041
5,42051
5,42061
5,42071
5,42075
5,42089
5,42099
5,42109
5,42119
5,42129
5,42131
5,44007
5,45007
5,45017
5,45027
5,45035
5,45045
5,45065
5,45075
5,45085
5,46003
5,46013
5,46023
5,46033
5,46037
5,46051
5,46061
5,46071
5,46081
5,46091
5,46093
5,46102
5,46103
5,46115
5,46125
5,47001
5,47009
5,47019
5,47039
5,47049
5,47055
5,47057
5,47063
5,47073
5,47083
5,47093
5,47105
5,47111
5,47121
5,47131
5,47141
5,47163
5,47173
5,47183
5,48003
5,48011
5,48021
5,48031
5,48041
5,48051
5,48061
5,48071
5,48081
5,48091
5,48101
5,48109
5,48119
5,48129
5,48139
5,48149
5,48157
5,48171
5,48181
5,48191
5,48201
5,48205
5,48219
5,48229
5,48239
5,48249
5,48263
5,48273
5,48283
5,48293
5,48313
5,48323
5,48331
5,48333
5,48343
5,48353
5,48365
5,48375
5,48385
5,48395
5,48407
5,48413
5,48423
5,48433
5,48443
5,48457
5,48461
5,48471
5,48481
5,48491
5,49001
5,49011
5,49019
5,49021
5,49031
5,49041
5,49053
5,50005
5,50015
5,50025
5,51009
5,51015
5,51025
5,51035
5,51045
5,51071
5,51081
5,51091
5,51101
5,51105
5,51119
5,51133
5,51143
5,51155
5,51165
5,51167
5,51177
5,51187
5,51199
5,51550
5,51595
5,51640
5,51710
5,51750
5,51800
5,53001
5,53011
5,53021
5,53031
5,53039
5,53049
5,53069
5,54001
5,54007
5,54013
5,54023
5,54033
5,54043
5,54061
5,54071
5,54079
5,54081
5,54091
5,54101
5,55005
5,55015
5,55025
5,55035
5,55043
5,55053
5,55063
5,55073
5,55081
5,55089
5,55103
5,55113
5,55123
5,55133
5,55137
5,56009
5,56019
5,56029
5,56039
