group,repeat,rmsle_increase,model
economic,0,0.2823594416742862,hist_direct_2
economic,1,0.2753091055891303,hist_direct_2
economic,2,0.2839985409193664,hist_direct_2
economic,3,0.2795194225238864,hist_direct_2
economic,4,0.2841765501829686,hist_direct_2
hazards,0,0.010686478917958486,hist_direct_2
hazards,1,0.013138569999780164,hist_direct_2
hazards,2,0.011481946876746335,hist_direct_2
hazards,3,0.010882889713916877,hist_direct_2
hazards,4,0.011968940626122387,hist_direct_2
housing,0,0.0467170845960827,hist_direct_2
housing,1,0.044306398085452114,hist_direct_2
housing,2,0.045937450286492765,hist_direct_2
housing,3,0.04251709407377435,hist_direct_2
housing,4,0.04671933466177053,hist_direct_2
social,0,0.07222974457456044,hist_direct_2
social,1,0.07309307738016618,hist_direct_2
social,2,0.07533556715035711,hist_direct_2
social,3,0.07511236496826179,hist_direct_2
social,4,0.07669741162543736,hist_direct_2
economic,0,0.27927091966915274,extra_trees_1
economic,1,0.27526231643663324,extra_trees_1
economic,2,0.28243553116724834,extra_trees_1
economic,3,0.2796556232385139,extra_trees_1
economic,4,0.2794749859651436,extra_trees_1
hazards,0,0.006365213759811056,extra_trees_1
hazards,1,0.006503695450260555,extra_trees_1
hazards,2,0.007336589497282886,extra_trees_1
hazards,3,0.005920548448605678,extra_trees_1
hazards,4,0.006750773480443173,extra_trees_1
housing,0,0.032781531867389996,extra_trees_1
housing,1,0.031656366820573545,extra_trees_1
housing,2,0.0327758118948632,extra_trees_1
housing,3,0.03166832848847945,extra_trees_1
housing,4,0.031939983782718145,extra_trees_1
social,0,0.06528058514281726,extra_trees_1
social,1,0.06759421676248423,extra_trees_1
social,2,0.06732203031397654,extra_trees_1
social,3,0.06939734881397652,extra_trees_1
social,4,0.07003056755086867,extra_trees_1
economic,0,0.25287068773715915,elastic_net_2
economic,1,0.2450581286865724,elastic_net_2
economic,2,0.25414229085492945,elastic_net_2
economic,3,0.248566070596269,elastic_net_2
economic,4,0.25307153537237087,elastic_net_2
hazards,0,0.013417318751874185,elastic_net_2
hazards,1,0.015136138936532845,elastic_net_2
hazards,2,0.015272758745482368,elastic_net_2
hazards,3,0.013063998333675608,elastic_net_2
hazards,4,0.015753676658419424,elastic_net_2
housing,0,0.09351328326549996,elastic_net_2
housing,1,0.09130292559467301,elastic_net_2
housing,2,0.09100081571883623,elastic_net_2
housing,3,0.09326379485949116,elastic_net_2
housing,4,0.08981831517275057,elastic_net_2
social,0,0.11084531440447404,elastic_net_2
social,1,0.10827296461780117,elastic_net_2
social,2,0.10908957329929686,elastic_net_2
social,3,0.11193478730629164,elastic_net_2
social,4,0.11143993876962821,elastic_net_2
