feature,left,right,rows,local_log_prediction_change,accumulated_log_effect
log1p__median_household_income_2024_usd,10.63852459580656,10.729537979678609,98,0.04823147856227528,-0.1759964447064089
log1p__median_household_income_2024_usd,10.729537979678609,10.830730119720442,201,0.049474450457164726,-0.12652199424924418
log1p__median_household_income_2024_usd,10.830730119720442,10.904240168998685,233,0.023216947944090783,-0.10330504630515339
log1p__median_household_income_2024_usd,10.904240168998685,10.967832854794619,250,0.035707092287818,-0.06759795401733537
log1p__median_household_income_2024_usd,10.967832854794619,11.026238135629209,322,0.03752693214890358,-0.030071021868431802
log1p__median_household_income_2024_usd,11.026238135629209,11.079658734183935,290,0.02634613225305238,-0.003724889615379423
log1p__median_household_income_2024_usd,11.079658734183935,11.136462000517984,357,0.031220030798175966,0.027495141182796556
log1p__median_household_income_2024_usd,11.136462000517984,11.210963283648146,368,0.072679363175006,0.10017450435780256
log1p__median_household_income_2024_usd,11.210963283648146,11.331977417035716,451,0.08189404143597559,0.18206854579377812
log1p__median_household_income_2024_usd,11.331977417035716,11.469065541679507,258,0.015410613633797702,0.19747915942757582
bachelors_degree_or_higher_pct,10.4,11.9,60,0.004055551613776783,-0.12740479999682106
bachelors_degree_or_higher_pct,11.9,13.8,161,0.03866433585477282,-0.08874046414204823
bachelors_degree_or_higher_pct,13.8,15.4,210,0.012720353453158436,-0.07602011068888978
bachelors_degree_or_higher_pct,15.4,17.1,290,0.02256265123032599,-0.05345745945856378
bachelors_degree_or_higher_pct,17.1,18.7,258,0.016914692187049277,-0.03654276727151451
bachelors_degree_or_higher_pct,18.7,20.7,363,0.016760763635045788,-0.01978200363646873
bachelors_degree_or_higher_pct,20.7,23.2,392,0.019261556359402923,-0.0005204472770657942
bachelors_degree_or_higher_pct,23.2,27.2,473,0.1298393811884493,0.1293189339113835
bachelors_degree_or_higher_pct,27.2,33.4,430,0.005319949830353469,0.13463888374173694
bachelors_degree_or_higher_pct,33.4,39.9,267,0.003871351076514397,0.13851023481825137
vacant_housing_units_pct,6.3,7.7,220,-0.00018063244382690124,0.015492310142007812
vacant_housing_units_pct,7.7,9.9,376,-0.004566345768110596,0.010925964373897215
vacant_housing_units_pct,9.9,11.8,310,-0.0036946956601903377,0.007231268713706877
vacant_housing_units_pct,11.8,13.6,298,-0.008269268944681333,-0.0010380002309744556
vacant_housing_units_pct,13.6,15.7,316,-0.0055109585984606515,-0.006548958829435108
vacant_housing_units_pct,15.7,18.0,316,0.0,-0.006548958829435108
vacant_housing_units_pct,18.0,21.1,317,4.682007829073719e-05,-0.00650213875114437
vacant_housing_units_pct,21.1,25.2,245,-0.00037551299808354446,-0.006877651749227914
vacant_housing_units_pct,25.2,32.8,277,-0.0009398287331916483,-0.007817480482419564
vacant_housing_units_pct,32.8,40.4,120,0.009501126125444175,0.001683645643024612
