year,feature,rows,missing_fraction
2014,agriculture_mining_industry_pct,3141,0.0
2014,arts_hospitality_food_industry_pct,3141,0.0
2014,construction_industry_pct,3141,0.0
2014,drove_alone_to_work_pct,3141,0.0
2014,education_health_social_services_industry_pct,3141,0.0
2014,employed_pct,3141,0.0
2014,finance_real_estate_industry_pct,3141,0.0
2014,labor_force_pct,3141,0.0
2014,management_business_science_arts_occupation_pct,3141,0.0
2014,manufacturing_industry_pct,3141,0.0
2014,log1p__mean_cash_public_assistance_income_2024_usd,3141,0.018465456860872333
2014,mean_commute_time_minutes,3141,0.0
2014,log1p__mean_household_earnings_2024_usd,3141,0.0
2014,log1p__mean_retirement_income_2024_usd,3141,0.0003183699458771092
2014,log1p__mean_social_security_income_2024_usd,3141,0.0
2014,log1p__mean_supplemental_security_income_2024_usd,3141,0.0038204393505253103
2014,log1p__median_household_income_2024_usd,3141,0.0
2014,natural_resources_construction_maintenance_occupation_pct,3141,0.0
2014,production_transportation_material_moving_occupation_pct,3141,0.0
2014,professional_services_industry_pct,3141,0.0
2014,public_transit_to_work_pct,3141,0.0
2014,sales_office_occupation_pct,3141,0.0
2014,service_occupation_pct,3141,0.0
2014,walked_to_work_pct,3141,0.0
2014,with_health_insurance_pct,3141,0.0
2014,without_health_insurance_pct,3141,0.0
2014,worked_from_home_pct,3141,0.0
2014,log1p__period_sum__disaster_count,3141,0.0
2014,log1p__period_sum__storm_event_count,3141,0.0
2014,log1p__period_sum__storm_damage_2024_usd,3141,0.0
2014,log1p__period_sum__storm_injuries,3141,0.0
2014,log1p__period_sum__storm_deaths,3141,0.0
2014,average_owner_household_size,3141,0.0
2014,average_renter_household_size,3141,0.0
2014,built_1939_or_earlier_pct,3141,0.0
2014,detached_single_unit_pct,3141,0.0
2014,homeowner_vacancy_rate_pct,3141,0.0
2014,log1p__housing_units,3141,0.0
2014,large_multifamily_20_plus_units_pct,3141,0.0
2014,median_rooms_per_unit,3141,0.0
2014,mobile_home_pct,3141,0.0
2014,owner_occupied_pct,3141,0.0
2014,rental_vacancy_rate_pct,3141,0.0
2014,vacant_housing_units_pct,3141,0.0
2014,average_family_size,3141,0.0
2014,average_household_size,3141,0.0
2014,bachelors_degree_or_higher_pct,3141,0.0
2014,civilian_veterans_pct,3141,0.0
2014,high_school_graduate_or_higher_pct,3141,0.0
2014,households_with_children_pct,3141,0.0
2014,households_with_elderly_pct,3141,0.0
2014,limited_english_proficiency_pct,3141,0.0
2014,moved_different_county_pct,3141,0.0
2014,moved_different_state_pct,3141,0.0
2014,moved_from_abroad_pct,3141,0.0
2014,with_disability_pct,3141,0.0
2014,log1p__women_with_birth_past_12_months_count,3141,0.00795924864692773
2019,agriculture_mining_industry_pct,3140,0.0
2019,arts_hospitality_food_industry_pct,3140,0.0
2019,construction_industry_pct,3140,0.0
2019,drove_alone_to_work_pct,3140,0.0
2019,education_health_social_services_industry_pct,3140,0.0
2019,employed_pct,3140,0.0
2019,finance_real_estate_industry_pct,3140,0.0
2019,labor_force_pct,3140,0.0
2019,management_business_science_arts_occupation_pct,3140,0.0
2019,manufacturing_industry_pct,3140,0.0
2019,log1p__mean_cash_public_assistance_income_2024_usd,3140,0.05923566878980892
2019,mean_commute_time_minutes,3140,0.0
2019,log1p__mean_household_earnings_2024_usd,3140,0.0
2019,log1p__mean_retirement_income_2024_usd,3140,0.0003184713375796178
2019,log1p__mean_social_security_income_2024_usd,3140,0.0
2019,log1p__mean_supplemental_security_income_2024_usd,3140,0.012101910828025478
2019,log1p__median_household_income_2024_usd,3140,0.0
2019,natural_resources_construction_maintenance_occupation_pct,3140,0.0
2019,production_transportation_material_moving_occupation_pct,3140,0.0
2019,professional_services_industry_pct,3140,0.0
2019,public_transit_to_work_pct,3140,0.0
2019,sales_office_occupation_pct,3140,0.0
2019,service_occupation_pct,3140,0.0
2019,walked_to_work_pct,3140,0.0
2019,with_health_insurance_pct,3140,0.0
2019,without_health_insurance_pct,3140,0.0
2019,worked_from_home_pct,3140,0.0
2019,log1p__period_sum__disaster_count,3140,0.0
2019,log1p__period_sum__storm_event_count,3140,0.0
2019,log1p__period_sum__storm_damage_2024_usd,3140,0.0
2019,log1p__period_sum__storm_injuries,3140,0.0
2019,log1p__period_sum__storm_deaths,3140,0.0
2019,average_owner_household_size,3140,0.0
2019,average_renter_household_size,3140,0.0
2019,built_1939_or_earlier_pct,3140,0.0
2019,detached_single_unit_pct,3140,0.0
2019,homeowner_vacancy_rate_pct,3140,0.0
2019,log1p__housing_units,3140,0.0
2019,large_multifamily_20_plus_units_pct,3140,0.0
2019,median_rooms_per_unit,3140,0.0
2019,mobile_home_pct,3140,0.0
2019,owner_occupied_pct,3140,0.0
2019,rental_vacancy_rate_pct,3140,0.0
2019,vacant_housing_units_pct,3140,0.0
2019,average_family_size,3140,0.0
2019,average_household_size,3140,0.0
2019,bachelors_degree_or_higher_pct,3140,0.0
2019,civilian_veterans_pct,3140,0.0
2019,high_school_graduate_or_higher_pct,3140,0.0
2019,households_with_children_pct,3140,0.0
2019,households_with_elderly_pct,3140,0.0
2019,limited_english_proficiency_pct,3140,0.0
2019,moved_different_county_pct,3140,0.0
2019,moved_different_state_pct,3140,0.0
2019,moved_from_abroad_pct,3140,0.0
2019,with_disability_pct,3140,0.0
2019,log1p__women_with_birth_past_12_months_count,3140,0.0
2024,agriculture_mining_industry_pct,3139,0.0
2024,arts_hospitality_food_industry_pct,3139,0.0
2024,construction_industry_pct,3139,0.0
2024,drove_alone_to_work_pct,3139,0.0
2024,education_health_social_services_industry_pct,3139,0.0
2024,employed_pct,3139,0.0
2024,finance_real_estate_industry_pct,3139,0.0
2024,labor_force_pct,3139,0.0
2024,management_business_science_arts_occupation_pct,3139,0.0
2024,manufacturing_industry_pct,3139,0.0
2024,log1p__mean_cash_public_assistance_income_2024_usd,3139,0.0544759477540618
2024,mean_commute_time_minutes,3139,0.0
2024,log1p__mean_household_earnings_2024_usd,3139,0.0
2024,log1p__mean_retirement_income_2024_usd,3139,0.0
2024,log1p__mean_social_security_income_2024_usd,3139,0.0
2024,log1p__mean_supplemental_security_income_2024_usd,3139,0.014335775724753107
2024,log1p__median_household_income_2024_usd,3139,0.00031857279388340236
2024,natural_resources_construction_maintenance_occupation_pct,3139,0.0
2024,production_transportation_material_moving_occupation_pct,3139,0.0
2024,professional_services_industry_pct,3139,0.0
2024,public_transit_to_work_pct,3139,0.0
2024,sales_office_occupation_pct,3139,0.0
2024,service_occupation_pct,3139,0.0
2024,walked_to_work_pct,3139,0.0
2024,with_health_insurance_pct,3139,0.0
2024,without_health_insurance_pct,3139,0.0
2024,worked_from_home_pct,3139,0.0
2024,log1p__period_sum__disaster_count,3139,0.002867155144950621
2024,log1p__period_sum__storm_event_count,3139,0.002867155144950621
2024,log1p__period_sum__storm_damage_2024_usd,3139,0.002867155144950621
2024,log1p__period_sum__storm_injuries,3139,0.002867155144950621
2024,log1p__period_sum__storm_deaths,3139,0.002867155144950621
2024,average_owner_household_size,3139,0.0
2024,average_renter_household_size,3139,0.0
2024,built_1939_or_earlier_pct,3139,0.0
2024,detached_single_unit_pct,3139,0.0
2024,homeowner_vacancy_rate_pct,3139,0.0
2024,log1p__housing_units,3139,0.0
2024,large_multifamily_20_plus_units_pct,3139,0.0
2024,median_rooms_per_unit,3139,0.0
2024,mobile_home_pct,3139,0.0
2024,owner_occupied_pct,3139,0.0
2024,rental_vacancy_rate_pct,3139,0.0
2024,vacant_housing_units_pct,3139,0.0
2024,average_family_size,3139,0.0
2024,average_household_size,3139,0.0
2024,bachelors_degree_or_higher_pct,3139,0.0
2024,civilian_veterans_pct,3139,0.0
2024,high_school_graduate_or_higher_pct,3139,0.0
2024,households_with_children_pct,3139,0.0
2024,households_with_elderly_pct,3139,0.0
2024,limited_english_proficiency_pct,3139,0.0
2024,moved_different_county_pct,3139,0.0
2024,moved_different_state_pct,3139,0.0
2024,moved_from_abroad_pct,3139,0.0
2024,with_disability_pct,3139,0.0
2024,log1p__women_with_birth_past_12_months_count,3139,0.0
