feature,coefficient,absolute_coefficient
numeric__log1p__median_household_income_2024_usd,0.16085382362903294,0.16085382362903294
numeric__bachelors_degree_or_higher_pct,0.11867160131634082,0.11867160131634082
numeric__average_family_size,-0.06430777172864484,0.06430777172864484
numeric__average_owner_household_size,0.06333785013145182,0.06333785013145182
numeric__built_1939_or_earlier_pct,-0.05841423382474128,0.05841423382474128
numeric__owner_occupied_pct,-0.051536091900658755,0.051536091900658755
numeric__log1p__housing_units,0.048573178419006505,0.048573178419006505
numeric__households_with_children_pct,-0.04830461776397109,0.04830461776397109
numeric__agriculture_mining_industry_pct,-0.04694145408908189,0.04694145408908189
numeric__log1p__period_sum__storm_event_count,-0.04295602018229276,0.04295602018229276
numeric__drove_alone_to_work_pct,-0.04162312075615722,0.04162312075615722
numeric__natural_resources_construction_maintenance_occupation_pct,0.0389770013855978,0.0389770013855978
numeric__log1p__mean_retirement_income_2024_usd,0.03769552083753498,0.03769552083753498
numeric__arts_hospitality_food_industry_pct,0.03692749438597991,0.03692749438597991
numeric__mean_commute_time_minutes,0.03074789894274799,0.03074789894274799
numeric__with_health_insurance_pct,0.026214085031067876,0.026214085031067876
numeric__log1p__period_sum__disaster_count,0.02559237292725295,0.02559237292725295
numeric__worked_from_home_pct,0.025093284383130875,0.025093284383130875
numeric__construction_industry_pct,0.024732627063685425,0.024732627063685425
numeric__average_renter_household_size,0.023840700723854028,0.023840700723854028
numeric__service_occupation_pct,0.023278438206018746,0.023278438206018746
numeric__public_transit_to_work_pct,0.02317059331071973,0.02317059331071973
numeric__with_disability_pct,-0.022267756436352402,0.022267756436352402
numeric__sales_office_occupation_pct,0.02143306152089612,0.02143306152089612
numeric__moved_from_abroad_pct,-0.02113779217028045,0.02113779217028045
numeric__moved_different_county_pct,-0.02111116228846507,0.02111116228846507
numeric__education_health_social_services_industry_pct,-0.020273636511237095,0.020273636511237095
numeric__log1p__mean_cash_public_assistance_income_2024_usd,0.019265360007002953,0.019265360007002953
numeric__log1p__mean_social_security_income_2024_usd,0.018089200702174627,0.018089200702174627
numeric__finance_real_estate_industry_pct,-0.017829696618979037,0.017829696618979037
numeric__manufacturing_industry_pct,0.01734467756168958,0.01734467756168958
numeric__log1p__mean_household_earnings_2024_usd,0.017191128897914795,0.017191128897914795
numeric__civilian_veterans_pct,0.01598698486945253,0.01598698486945253
numeric__missingindicator_log1p__mean_retirement_income_2024_usd,-0.014527832674427947,0.014527832674427947
numeric__mobile_home_pct,-0.012453089364142945,0.012453089364142945
numeric__log1p__period_sum__storm_damage_2024_usd,-0.012079619789444546,0.012079619789444546
numeric__professional_services_industry_pct,0.010070991516623367,0.010070991516623367
numeric__limited_english_proficiency_pct,0.009387137992593534,0.009387137992593534
numeric__households_with_elderly_pct,0.00937778557777429,0.00937778557777429
numeric__vacant_housing_units_pct,-0.008600001240566344,0.008600001240566344
numeric__moved_different_state_pct,0.007597863961248804,0.007597863961248804
numeric__log1p__mean_supplemental_security_income_2024_usd,0.006609752338573156,0.006609752338573156
numeric__homeowner_vacancy_rate_pct,0.005966522679154879,0.005966522679154879
numeric__missingindicator_log1p__mean_cash_public_assistance_income_2024_usd,-0.005294053881229836,0.005294053881229836
numeric__without_health_insurance_pct,-0.00472466055094996,0.00472466055094996
numeric__labor_force_pct,-0.004218053473238801,0.004218053473238801
numeric__missingindicator_log1p__women_with_birth_past_12_months_count,-0.0034018291641818798,0.0034018291641818798
numeric__detached_single_unit_pct,-0.003032798575592589,0.003032798575592589
numeric__rental_vacancy_rate_pct,-0.0025756377863339936,0.0025756377863339936
numeric__log1p__period_sum__storm_injuries,-0.001646273620054971,0.001646273620054971
numeric__management_business_science_arts_occupation_pct,-0.0008610584109392111,0.0008610584109392111
numeric__missingindicator_log1p__mean_supplemental_security_income_2024_usd,-0.000721595770468282,0.000721595770468282
numeric__average_household_size,0.0,0.0
numeric__high_school_graduate_or_higher_pct,-0.0,0.0
numeric__median_rooms_per_unit,0.0,0.0
numeric__large_multifamily_20_plus_units_pct,-0.0,0.0
numeric__log1p__period_sum__storm_deaths,-0.0,0.0
numeric__walked_to_work_pct,-0.0,0.0
numeric__production_transportation_material_moving_occupation_pct,-0.0,0.0
numeric__log1p__women_with_birth_past_12_months_count,0.0,0.0
numeric__employed_pct,-0.0,0.0
